{
  "fp32": 24.559256553649902,
  "uniform_8bit": 1.2043076276779174,
  "lambda_1.0": {
    "sr": 24.169270610809328,
    "pct_fp32": 98.41206128537056,
    "pct_8bit": 2006.9017297026708
  },
  "lambda_2.0": {
    "sr": 23.717181396484374,
    "pct_fp32": 96.57125143293321,
    "pct_8bit": 1969.3623831158984
  },
  "lambda_5.0": {
    "sr": 23.073730373382567,
    "pct_fp32": 93.951257534925,
    "pct_8bit": 1915.9332585040684
  },
  "lambda_10.0": {
    "sr": 22.620832633972167,
    "pct_fp32": 92.10715554258236,
    "pct_8bit": 1878.3267758245845
  },
  "lambda_20.0": {
    "sr": 21.58611354827881,
    "pct_fp32": 87.89400241462424,
    "pct_8bit": 1792.4086049259704
  }
}