{
  "run_name": "FPGA_medium_fpga_stecath",
  "cfg": "medium_fpga",
  "scenario": "stecath",
  "fp32_stats": {
    "sr": 24.492555255889894,
    "en": 1.4084216152869946,
    "ee": 17.390073267938526
  },
  "results": {
    "1.0": {
      "sr": 24.102936010360718,
      "en": 0.17279155165699084,
      "ee": 139.49139517708363
    },
    "2.0": {
      "sr": 23.66251251220703,
      "en": 0.13455264744977083,
      "ee": 175.86061071324707
    },
    "5.0": {
      "sr": 23.020674448013306,
      "en": 0.1187226814319863,
      "ee": 193.9029023883051
    },
    "10.0": {
      "sr": 22.56653579711914,
      "en": 0.1152311046160997,
      "ee": 195.83717359934502
    },
    "20.0": {
      "sr": 21.559145221710207,
      "en": 0.040204348275767354,
      "ee": 536.2390085630268
    }
  }
}