{
  "sr": 23.08940417289734,
  "en": 0.2696872552886248,
  "n_params": 348096,
  "n_quant_layers": 14
}