{
  "run_name": "FPGA_small_fpga_stecath",
  "cfg": "small_fpga",
  "scenario": "stecath",
  "fp32_stats": {
    "sr": 24.14933036804199,
    "en": 0.6367374133199615,
    "ee": 37.926670372422755
  },
  "results": {
    "1.0": {
      "sr": 23.243833322525024,
      "en": 0.08092699444776692,
      "ee": 287.2197418048186
    },
    "2.0": {
      "sr": 22.652885408401488,
      "en": 0.06096020751586828,
      "ee": 371.60112498786305
    },
    "5.0": {
      "sr": 22.00214530944824,
      "en": 0.05347702431321568,
      "ee": 411.4316657984695
    },
    "10.0": {
      "sr": 21.44375415802002,
      "en": 0.05236293143891866,
      "ee": 409.52157324916794
    },
    "20.0": {
      "sr": 20.28170000076294,
      "en": 0.018382613043133524,
      "ee": 1103.3082685301963
    }
  }
}