{
  "run_name": "FPGA_tiny_fpga_stecath",
  "cfg": "tiny_fpga",
  "scenario": "stecath",
  "fp32_stats": {
    "sr": 23.08940417289734,
    "en": 0.2696872552886248,
    "ee": 85.61547816574353
  },
  "results": {
    "1.0": {
      "sr": 21.79932183265686,
      "en": 0.031243441316725597,
      "ee": 697.7245123040233
    },
    "2.0": {
      "sr": 21.24710934638977,
      "en": 0.027782791571845756,
      "ee": 764.7576250165117
    },
    "5.0": {
      "sr": 20.64221050262451,
      "en": 0.022601170045006953,
      "ee": 913.3244574627766
    },
    "10.0": {
      "sr": 19.60519344329834,
      "en": 0.02141377553954762,
      "ee": 915.540757942629
    },
    "20.0": {
      "sr": 18.044792003631592,
      "en": 0.007543369908192954,
      "ee": 2392.136180763338
    }
  }
}