{
  "sr": 24.14933036804199,
  "en": 0.6367374133199615,
  "n_params": 825088,
  "n_quant_layers": 14
}