{
  "sr": 24.492555255889894,
  "en": 1.4084216152869946,
  "n_params": 1827392,
  "n_quant_layers": 14
}